firstname,lastname
Edee,Sawtelle
Antonietta,Deny
Mureil,Sikorski
Babita,Roarke
Pollyanna,Cornelia
Kathy,Bouchard
Jerry,Alwin
Aryn,Nea
Kaja,Briney
Diena,Adlare
Brana,Sibyls
Claudina,Raul
Mady,Norrie
Tina,Markman
Gretal,Truc
Yetty,Helve
Janeczka,Prober
Gavrielle,Sikorski
Heddie,Dahlia
Catharine,Wiener
Wendi,Bollay
Katleen,Phaidra
Roberta,Natalia
Karlee,Corabella
Lelah,Ciro
Bernardine,An
Linet,Erich
Micheline,Ventre
Florencia,Saint
Willetta,Roscoe
Rosene,Janith
Ilse,Leifeste
Phedra,Bertold
Lanna,Phaidra
Rivalee,Martguerita
Corry,Thar
Ottilie,Bluh
Lanna,Newell
Elka,Arne
Romona,Hailee
Christy,Drisko
Brandise,Aaberg
Ingrid,Darrell
Andree,Reidar
Farrah,Denis
Christy,Fax
Pierette,Melan
Monika,Kristi
Gui,Docilla
Oona,Bates
Katleen,McAdams
Fanny,Nester
Malina,Chesna
Joane,Merell
Rozele,Eugenia
Elena,Karna
Kaia,Ventre
Jsandye,Bohlin
Mara,Lowry
Beth,Zuzana
Wendi,Suk
Elise,Montgomery
Nollie,Hoenack
Alie,Abbot
Livvyy,Fillbert
Harrietta,Allina
Carlie,Dichy
Caressa,Olympium
Janis,Shirberg
Constance,Hillel
Giustina,Denis
Hermione,Elisha
Tabbatha,Noam
Chastity,Lewes
Asia,Standing
Flo,Bakerman
Genovera,Richers
Dagmar,Giule
Nikki,Maroney
Babita,Ivens
Tabbatha,Sadowski
Ricky,Lilybelle
Concettina,Ferino
Anica,Mozelle
Sindee,Masao
Alyda,Christine
Doralynne,Sherrie
Marguerite,Buttaro
Oralee,Berl
Tina,Tannie
Debee,Bebe
Shauna,Deegan
Alia,Hoban
Zondra,Johnsson
Renie,Bonilla
Betta,Agle
Marita,Rudolph
Maud,Hermes
Norine,Pearse
Lenna,Marisa
Emma,Wattenberg
Ekaterina,Pascia
Max,Carlson
Ernesta,Geffner
Alejandra,Darian
Madalyn,Kussell
Doralynne,Swigart
Goldie,Jaylene
Rani,Adamsen
Cacilie,Callista
Jeanna,Percy
Marika,Madox
Gerianna,Sandye
Ottilie,Sigfrid
Rubie,Diogenes
Lorenza,Whiffen
Jolyn,Naashom
Demetris,Neva
Fanchon,Tamsky
Basia,Magdalen
Cathyleen,Monk
Johna,Emanuel
Jennica,Lenny
Kamilah,Edmund
Celestyna,Durante
Jessy,Douglass
Ruthe,Dielu
Nariko,Vernier
Debee,Tice
Nollie,Si
Rosanne,Rosette
Evita,Hillel
Annora,Sabella
Mallory,Elisha
Marika,Old
Tomasina,Tarrant
Dawn,Presber
Sindee,Aaberg
Chastity,Malvino
Ronna,Marcellus
Etta,Burch
Konstance,Kiyoshi
Lizzie,Ludewig
Anestassia,Jerald
Shel,Brady
Shaylyn,McClimans
Clarice,Azeria
Leeanne,Brodench
Annora,Winnick
Shannah,Berne
Amii,Cordi
Cherilyn,Edison
Kellen,Taam
Arlina,Serilda
Jenda,Jerold
Isa,Carolin
Marline,Earlie
Vere,Idelia
Beth,Lutero
Berta,Lareena
Meriel,Love
Hildegaard,Thilda
Julieta,Flita
Nannie,Mallon
Demetris,Loring
Gwenneth,Bevin
Edee,Fulmer
Dacia,Hilbert
Neila,Gavrila
Andeee,Loeb
Peri,Angelis
Aryn,Christal
Helena,Dichy
Anestassia,Orlene
Anallese,Wandie
Carlie,Demitria
Penelopa,Pauly
Sheree,Morrill
Elyssa,Alrich
Lynnea,Penelopa
Chloris,Giule
Sindee,Lay
Tressa,Alva
Mary,Sundin
Lyssa,Meter
Ingrid,Sharl
Vita,Anis
Rozele,Edee
Viviene,Granoff
Darci,Rheingold
Mallory,Lilybelle
Fidelia,Othilia
Ellette,Middleton
Jemie,Candy
Nannie,Greenwald
Iseabal,Sholley
Bill,Anderea
Evita,Schroth
Blinni,Aurelio
Gavrielle,Ardeha
Florencia,Hoban
Marylou,Lareena
Glynnis,Behre
Minne,Guthrie
Lyssa,Munn
Kirbee,Melony
Lauryn,Cullin
Marita,Rurik
Katuscha,Middleton
Gaylene,Karna
Margarette,Sharl
Melodie,Ellerey
Katleen,Darrell
Farrah,Adrienne
Ebonee,Quinn
Vivia,O'Rourke
Amelia,Wallis
Hayley,Sheedy
Gwenneth,Jillane
Livvyy,Calhoun
Devina,Wind
Natka,Prober
Clo,Dreda
Marcy,Riva
Carol-Jean,Wareing
Frieda,Bonucci
Celene,Soneson
Rosene,Sasnett
Gertrud,Kenwood
Belva,Cavan
Jean,Chesna
Frank,Carlson
Philis,Blase
Merci,Bivins
Cassondra,Kat
Fidelia,Hebner
Katharina,Nickola
Jillayne,Francene
Benita,Suzetta
Deloria,Honoria
Alia,Beebe
Vivia,Rolf
Jemie,Fiester
Gwyneth,Kimmie
Augustine,Mullane
Danika,Wyn
Therine,McGrody
Ariela,Wandie
Louella,Tillford
Gilda,Randene
Flo,Daegal
Jemie,Bakerman
Iseabal,Aprile
Cherrita,Dahlia
Fayre,Bohlin
Esmeralda,Center
Helena,Judye
Gwyneth,Kenney
Concettina,Ovid
Camile,Donoghue
Xylina,Natica
Brietta,Greenwald
Veda,Sherrie
Elena,Doig
Sean,Brunell
Myriam,Francene
Adelle,Guildroy
Jolyn,Nahum
Valli,Himelman
Adore,Huggins
Aurelie,Boycey
Ronna,Kamaria
Karina,Muriel
Ninnetta,Bashemeth
Marita,Dosia
Annice,Raama
Leia,Socha
Cacilie,Izaak
Deedee,Tayib
Amalie,Willie
Ruthe,Grayce
Deloria,Land
Teddie,Mitzi
Deane,Hilbert
Esmeralda,Socha
Dorothy,Baylor
Bernie,Regan
Kimmy,Rossner
Leona,Cornelia
Reeba,Yate
Anestassia,Moseley
Carly,Ilka
Ursulina,Knowling
Loree,Hutchison
Minne,Kunin
Belinda,Gordon
Helena,Khorma
Rochette,Goth
Dulce,Raychel
Marinna,Saint
Fidelia,Glovsky
Amara,Hessler
Raf,Edee
Joy,Ochs
Winny,Ruvolo
Elka,Elephus
Yolane,Kaete
Jaclyn,Daniele
Tori,Bronk
Almeta,Ophelia
Ermengarde,Lenny
Gilligan,Vilma
Diena,Boehike
Yolane,Jarib
Monika,Dielu
Donnie,Obed
Nadine,Adamsen
Tressa,Hoenack
Ermengarde,Stevy
Nariko,Stilwell
Ginnie,Karylin
Kirbee,Guildroy
Ardys,Fredi
Merrie,Lucienne
Tybie,Cherianne
Magdalena,Gilbertson
Glenda,Fry
Gaylene,Sacken
Tarra,Serilda
Lita,Kellby
Jany,Schwejda
Alyda,Doig
Angelique,Marijo
Concettina,Lattie
Linzy,Macey
Lila,Belanger
Madelle,Kolnick
Mureil,Joseph
Kelly,Candy
Elyssa,Joseph
Di,Lorain
Hildegaard,Craggie
Nannie,Ailyn
Romona,Rubie
Monika,Gualtiero
Hallie,Gladstone
Genevra,Jethro
Sonni,Hieronymus
Dawn,Randene
Dania,Buckler
Lynde,Mozelle
Vonny,Munn
Aurelie,Kosey
Dennie,Wittie
Darci,Lipson
Patricia,Poppy
Felice,Wyn
Katuscha,Erskine
Philis,Stelle
Jasmina,Urania
Deloria,Capello
Neila,Torray
Edyth,Ludewig
Lesly,Colp
Cyndie,Nester
Nariko,Othilia
Alameda,Shirberg
Anica,Edvard
Jacquetta,Alisia
Gretal,Parette
Sybille,Edison
Celisse,Casimir
Laurene,Marden
Wynne,Monk
Ofilia,Taam
Teriann,Ailyn
Allis,Brady
Jackie,Chick
Amara,Dex
Wilma,Kristi
Roz,Trace
Edyth,Arne
Eadie,Ietta
Mariele,Lowry
Dominga,Henebry
Olivette,Gilmour
Mildrid,Phi
Dyann,Pip
Rosene,Wadell
Janey,Means
Ada,Tayib
Ernesta,Wadell
Shaylyn,Edison
Ayn,Sandye
Lily,Sheng
Modestia,Kendrick
Leeanne,Swanhildas
Juliane,Monaco
Dolli,Klotz
Minne,Odysseus
Sashenka,Merna
Marylou,Nedrud
Judy,Nea
Nananne,Alva
Flory,Cadmar
Ira,Kussell
Hermione,Maisey
Cyndie,Strephon
Janey,Moina
Codie,Janith
Sheelagh,Brandice
Belinda,Lipson
Dotty,Lea
Orsola,Fleeta
Raf,Brackely
Roberta,An
Theodora,Hanshaw
Kristina,Germann
Regina,Obed
Orelia,Kosey
Charlena,Ricarda
Taffy,Rocray
Sadie,Guthrie
Kathi,Bluh
Fred,Bivins
Cathie,Eliathas
Binny,Vivle
Rani,Euridice
Joane,Stanwood
Daphne,Sabella
Gabi,Leler
Madeleine,Ajay
Kathy,Atonsah
Penelopa,Carbo
Cherrita,Beebe
Janeczka,Gibbeon
Eve,Pierette
Angela,Cyrie
Kylynn,Kunin
Kelly,Toor
Gwenneth,Forrer
Tami,Bennie
Charmaine,Hortensia
Michaelina,Adamsen
Evaleen,Raffo
Consuela,Autrey
Winifred,Firmin
Judy,Ambrosia
Alisha,Colbert
Elka,Yoko
Cathie,Pyle
Sissy,Jacqui
Merry,Bettine
Dawn,Firmin
Merry,Grobe
Cathie,Neils
Feliza,Edee
Bibby,Gale
Cassandra,Ioab
Tani,Lunsford
Konstance,Crudden
Larine,Hourigan
Joelly,Sadowski
Lenna,Cullin
Dode,Breed
Philis,Franza
Eugine,Ralfston
Sybille,Bahr
Alex,Brady
Emilia,Anderea
Gerianna,Genna
Gusella,Kamaria
Nanete,Bashemeth
Valera,Bluh
Lauryn,Arvo
Daune,Maxi
Paulita,Lemuela
Merci,Janene
Selia,Zrike
Bill,Pozzy
Henriette,Wandie
Annice,Roxanna
Jordan,Bennie
Karly,Saint
Frieda,Bandeen
Sallie,Mayeda
Sidoney,Frodi
Emma,Ventre
Ilse,Pearse
Rhea,Gino
Rozele,Merell
Christy,Buffum
Cecile,Ricki
Xylina,Craggie
Lory,Joeann
Rosaline,Bow
Dianemarie,Standing
Allyce,Oneida
Carmela,Demitria
Siana,Nedrud
Meg,Garlinda
Christy,Iiette
Berget,Carbo
Dacia,Iphlgenia
Ada,Center
Carilyn,Jeanne
Zsa Zsa,Helve
Gretal,Chandler
Brianna,Jalbert
Celisse,Orpah
Riannon,Persse
Althea,Pearse
Debee,Gombach
Belinda,Vanni
Kara-Lynn,Behre
Krystle,Harday
Sean,Andrel
Katharina,Jary
Joleen,Dulciana
Ira,Autrey
Dolli,Schalles
Vonny,Lorain
Maurene,Callista
Dania,Ailyn
Malina,Matthew
Berget,Bearnard
Josephine,Zachary
Ekaterina,Lenny
Addia,Slifka
Eve,Ricarda
Aurelie,Stevy
Shandie,Duwalt
Marleah,Tomasina
Kittie,Monaco
Gratia,Andrel
Benita,Allare
Jan,Breed
Jacquetta,Ummersen
Clary,Emerson
Judy,Vivle
Merry,Klemperer
Claudina,Kat
Meghann,Scammon
Barbi,Erskine
Merry,Syd
Ana,Merna
Alyssa,Carolin
Gusella,Israeli
Mamie,Read
Tori,Konyn
Rosanne,Peonir
Feliza,Luhe
Coral,Radu
Merle,Percy
Michaelina,Seumas
Robinia,Lutero
Ann-Marie,Boehike
Maye,Donell
Lorenza,Malvino
Jaclyn,Infield
Cordi,Roumell
Carmencita,Amand
Karolina,Ezar
Jinny,Ioab
Sharai,Marden
Katuscha,Birdella
Leeanne,Gregrory
Emelina,Taam
Basia,Jehu
Amara,Alarise
Sue,Sibyls
Ilse,Terrence
Susan,Riva
Kittie,Howlyn
Melisent,Radu
Fidelia,Schwejda
Cristine,Cornelia
Laurene,Pettiford
Anestassia,Ferrell
Minda,Denis
Kayla,Cecile
Augustine,Ummersen
Bertine,Anselmi
Iseabal,Burnside
Amara,Faso
Genovera,Lacombe
Sheelagh,Lauraine
Isa,Prouty
Minda,Trey
Shauna,Clie
Tarra,Clara
Ezmeralda,Wilona
Alyssa,Stover
Carolina,Truc
Mallory,Madox
Hettie,Vanni
Tina,Masao
Bertine,Lewes
Berta,Tremayne
Aryn,Neils
Vere,Tamar
Karena,Audly
Asia,Eachern
Annice,Uird
Lory,Larochelle
Chickie,Avi
Flory,Keelia
Consuela,Carmena
Alex,Koziara
Fina,Zitvaa
Nickie,Ehrman
Lorenza,Rillings
Berta,O'Neill
Tera,Imelida
Doro,Danby
Dawn,Tamar
Beverley,Maroney
Sue,Rebecka
Gilligan,Wareing
Blondelle,Chesna
Celene,Helve
Katuscha,Dulciana
Belva,Means
Harmonia,Grimbly
Eve,Armanda
Cristine,Bartlett
Ayn,Marisa
Wilma,Jerald
Janeczka,Karl
Renae,Hurley
Diena,Tatianas
Bernardine,Keelia
Nerta,Schenck
Darlleen,Virgin
Margette,Billye
Orsola,Jarib
Kirstin,Gerge
Cissiee,Weinreb
Joceline,Bandeen
Amii,Iaverne
Lyssa,Craggie
Lenna,Ricarda
Karina,Hoenack
Althea,Cordi
Leontine,McAdams
Alie,Cimbura
Celene,Noelyn
Nikki,Posner
Latisha,Valerio
Camile,Jefferey
Lita,Fennessy
Mureil,Ventre
Kalina,Eben
Alie,Burch
Joeann,Macey
Clementine,Burch
Bettine,Trace
Lesly,Podvin
Netty,Durware
Heddie,Fennessy
Regina,Read
Carol-Jean,Chrystel
Carmela,Turne
Dianemarie,Kaja
Brooks,Maisey
Carolina,McLaughlin
Rochette,Japeth
Georgetta,Rona
Angelique,Montgomery
Christian,Tryck
Shell,Hirsch
Ardeen,Wooster
Abbie,Lutero
Daryl,Pillsbury
Marnia,Kimmie
Myriam,Toor
Dianemarie,Mauer
Harrietta,Mich
Almeta,Delacourt
Vere,Frendel
Lexine,Levey
Jinny,Belldas
Maisey,Goth
Ida,Leifeste
Mariann,Kussell
Yetty,Fancie
Sissy,Sundin
Carilyn,Yoko
Althea,Grayce
Melisent,Sikorski
Lorne,Hillel
Ana,Ahab
Morganica,Vastah
Lanae,Masao
Zsa Zsa,Bord
Tersina,Bibi
Tressa,Haymes
Eolanda,Merna
Mariele,Leffen
Valeda,Avi
Mallory,Autrey
Angela,Gibbeon
Gavrielle,Swigart
Britte,Carbo
Melodie,Felizio
Suzette,Wesle
Angela,Garrison
Candi,Moina
Raf,Frodi
Janis,Izaak
Sandie,Roarke
Dari,Raychel
Melanie,Cohdwell
Patricia,McClimans
Nariko,Francene
Lindie,Sammons
Magdalena,Raama
Pearline,Ashok
Atlanta,Rocray
Gilligan,Lubin
Clo,Duwalt
Kaja,Wooster
Steffane,Rosette
Susan,Center
Valera,Papageno
Fernande,Muriel
Jsandye,Vivle
Robinia,Halla
Siana,Henebry
Calla,Rona
Maryellen,Evangelia
Micheline,Gordon
Pollyanna,Engdahl
Allis,Kussell
Lory,Larochelle
Norine,Alejoa
Maryellen,Dunkin
Abbie,Milson
Sara-Ann,Elisha
Vivia,Kenwood
Elmira,Zola
Carmencita,Loleta
Sybille,Swigart
Gilda,Hylan
Fidelia,Cherianne
Fredericka,Tjon
Leeanne,Argus
Clo,Dreda
Annabela,Byrne
Blondelle,Uird
Addia,Klotz
Dennie,Erminia
Cassondra,Mich
Antonietta,Ellord
Pamella,Bevin
Cordi,Madox
Micheline,Engdahl
Magdalena,Iiette
Aigneis,Klemperer
Minne,Genna
Corry,Stav
Riannon,Valerio
Nickie,Longfellow
Tilly,Sawtelle
Gianina,Jerold
Thalia,Delacourt
Atlanta,Lutero
Neila,Naor
Libbie,Martsen
Rosaline,Tippets
Paule,Nisbet
Max,Sigfrid
Concettina,Rosemary
Cathyleen,Fleeta
Judy,Schenck
Romona,Neils
Eugine,Atcliffe
Lila,McGrody
Kerrin,Kellby
Mellicent,Federica
Allyce,Edee
Dyann,Neva
Aigneis,Ledah
Elbertina,Bord
Sheelagh,Ochs
Giustina,Faro
Lita,Tannie
Elora,Bahr
Ada,Cressida
Madelle,Syd
Karlee,Sandye
Goldie,Lesley
Dacia,Center
Gratia,Astra
Annecorinne,Tremayne
Hollie,Natica
Aili,Couture
Krystle,Margret
Maud,Nelsen
Dari,Marlie
Micheline,Gilbertson
Mary,Atcliffe
Jillayne,Horan
Maisey,Allina
Tierney,Rurik
Tori,Kosey
Myrtice,Havens
Kathy,Marsden
Laurene,Dreda
Sadie,Susannah
Tina,Ardeha
Lacie,Rolf
Ernesta,Sherrie
Julieta,Terencio
Robbi,Stover
Mary,Toni
Rosene,Rosette
Margette,Abbot
Anthia,Pearse
June,Prober
Millie,Hilbert
Charissa,Ummersen
Olwen,Corilla
Lenna,Hylan
Constance,Hutchison
Georgina,Cutlerr
Hallie,Karna
Lexine,Tamar
Karina,Cyrie
Carlie,Whittaker
Tierney,Randene
Lusa,Viddah
Dotty,Waite
Janis,Terencio
Collen,Yusuk
Vonny,Edvard
Annora,Hurley
Averyl,Wadell
Marti,Brian
Mureil,McNully
Ingrid,Santoro
Tabbatha,Carri
Marcy,Vittoria
Sybille,Korey
Eadie,Markman
Elora,Rhu
Desirae,Sherfield
Diena,Evvie
Lucy,Keelia
Justinn,Maurine
Tersina,Susannah
Heddie,Percy
Emelina,Abram
Cissiee,Arquit
Mellicent,Fiann
Florencia,Bigner
Carlie,Buffum
Sue,Adlare
Merry,Malina
Chickie,Primalia
Carlie,Bartlett
Collen,Goerke
Camile,Bari
Micheline,Azeria
Pierette,Lauraine
Dari,Lail
Carol-Jean,Clie
Jordan,Pauly
Kaia,Salvidor
Allis,Uund
Deane,Kathie
Robbi,Bonucci
Sibella,An
Janeczka,Borrell
Lindie,Wadell
Hallie,Cecile
Nerta,Rudolph
Blinni,Kelula
Gratia,Ellerey
Laurene,Irmine
Nessie,Wiener
Gusella,Ellerey
Lacie,Edee
Addia,Chabot
Chickie,Lilas
Agnese,August
Clarice,Alejoa
Dale,Eldrid
Allyce,Fink
Cam,Astra
Tatiania,Jacobah
Sabina,Giff
Janey,Vastah
Althea,Kauppi
Barbi,Levey
Stacey,Erlandson
Hannis,Linehan
Kara-Lynn,Ashok
Goldie,Maribeth
Trudie,Tyson
Lily,Wilkinson
Chrystel,Lareena
Clementine,Persse
Renie,Aurelio
Leanna,Merriott
Eadie,Stuart
Selma,Milde
Belva,Primalia
Christian,Podvin
Edith,Mata
Gabriellia,Leary
Stephanie,Anis
Nonnah,Verger
Eadie,Genna
Kittie,Wiener
Orsola,Monaco
Gretal,Dorine
Beatriz,Blake
Elsie,Bonucci
Tatiania,Johnsson
Sheree,Anderea
Pamella,Leler
Kore,Muriel
Collen,Persse
Carol-Jean,Artie
Brandise,Kauppi
Alexine,Darian
Kimberley,Therine
Thalia,Moseley
Clarice,Phaidra
Josephine,Latini
Tilly,Fitzsimmons
Caressa,Fax
Evita,Colbert
Sibella,Margarete
Cindelyn,Jethro
Nollie,Irmine
Jillayne,Hieronymus
Jackie,Demitria
Sara-Ann,Pearse
Ernesta,Ailyn
Celene,Donoghue
Madeleine,Manolo
Pierette,Llovera
Netty,Modie
Coral,Odell
Devina,Ophelia
Alyssa,Graig
Kamilah,Rona
Harmonia,Madox
Dania,Khorma
Ethel,Revkah
Briney,Pernick
Dulcinea,Aaberg
Fanchon,Woodberry
Giustina,Liebermann
Leia,Schlosser
Elena,Abbot
Renie,Reidar
Esmeralda,Boehike
Zondra,Gaal
Gratia,Pettiford
Larine,Stilwell
Joceline,Lasley
Carolina,My
Dagmar,Noman
Alie,Morgun
Robbi,Montgomery
Patricia,Egbert
Ann-Marie,Keelia
Leona,Clara
Ann-Marie,Loeb
Brena,Calhoun
Konstance,Dom
Allis,Decato
Susan,Graig
Sandie,Karl
Charmaine,Jess
Chastity,Trey
Sabina,Kaja
Myriam,Adore
Yvonne,Koziara
Eugine,Astra
Vere,Alwin
Caressa,Billye
Meghann,Yusuk
Olivette,Meli
Siana,Ezar
Janeczka,Ehrman
Trudie,Billye
Rosanne,Carmena
Ileana,Ciapas
Britte,Marisa
Ricky,Howlyn
Carmela,Medrek
Renae,Cath
Claresta,Podvin
Codie,Iaverne
Tatiania,Artie
Karina,Brittani